id,title,release_date,vote_average,vote_count,popularity,original_language,budget,revenue,runtime,status
259872,Skin. Like. Sun.,10/10/2009,6.1,111,44.992,fr,0,0,60,Released
19995,Avatar,12/15/2009,7.593,32629,27.0592,en,237000000,2923706026,162,Released
14836,Coraline,2/5/2009,7.899,8547,20.243,en,60000000,185860104,100,Released
16869,Inglourious Basterds,8/2/2009,8.215,23231,17.5855,en,70000000,321457747,153,Released
767,Harry Potter and the Half-Blood Prince,7/15/2009,7.682,20139,18.5378,en,250000000,933959197,153,Released
18785,The Hangover,6/2/2009,7.327,17500,17.8134,en,35000000,469310836,100,Released
14160,Up,5/28/2009,7.959,20971,15.0514,en,175000000,735103954,96,Released
49266,Sand Serpents,7/11/2009,4,31,17.5495,en,1800000,0,90,Released
8355,Ice Age: Dawn of the Dinosaurs,6/26/2009,6.762,8606,14.3159,en,90000000,886686817,94,Released
18239,The Twilight Saga: New Moon,11/18/2009,5.994,9466,13.7688,en,50000000,709827462,131,Released
22881,The Blind Side,11/20/2009,7.674,6594,13.662,en,29000000,309231694,129,Released
17654,District 9,8/5/2009,7.454,9907,13.0104,en,30000000,210888950,112,Released
14161,2012,10/10/2009,5.862,12314,10.5013,en,200000000,791217826,158,Released
18240,The Proposal,6/2/2009,7.154,7164,8.8419,en,40000000,317400000,108,Released
10198,The Princess and the Frog,12/8/2009,7.2,5892,10.6449,en,105000000,270997378,98,Released
29963,Bright Star,9/18/2009,6.603,464,11.2869,en,10000000,14374652,119,Released
13448,Angels & Demons,4/20/2009,6.715,7056,9.2754,en,150000000,485930816,139,Released
166375,Taqwacore: The Birth of Punk Islam,11/3/2009,5.6,5,10.371,en,0,0,82,Released
13475,Star Trek,5/6/2009,7.425,10149,8.4356,en,150000000,386839614,127,Released
10315,Fantastic Mr. Fox,10/14/2009,7.813,5789,9.0648,en,40000000,46471023,87,Released
13183,Watchmen,3/4/2009,7.344,9582,8.5271,en,130000000,185258983,163,Released
19912,The Final Destination,8/26/2009,5.6,3695,8.9255,en,40000000,187384627,82,Released
10528,Sherlock Holmes,12/23/2009,7.215,14341,8.7353,en,90000000,524028679,129,Released
22794,Cloudy with a Chance of Meatballs,9/17/2009,6.644,6210,8.1096,en,100000000,242988466,90,Released
19959,Surrogates,9/24/2009,6.136,3282,7.7491,en,80000000,122444772,89,Released
57489,The Last Summer in La Boyita,11/5/2009,6.6,25,7.8948,es,0,0,88,Released
10184,He's Just Not That Into You,2/6/2009,6.614,3884,7.9077,en,40000000,178866158,129,Released
13811,Knowing,3/19/2009,6.23,5545,7.6038,en,50000000,155446362,121,Released
19913,(500) Days of Summer,7/17/2009,7.297,10592,8.2898,en,7500000,60781545,95,Released
24150,Halloween II,8/28/2009,5.33,1467,8.0939,en,10000000,39421467,105,Released
24756,The Art of War III: Retribution,10/1/2009,3.814,35,8.6084,en,0,0,88,Released
51482,Death Note Relight 1: Visions of a God,9/23/2009,7.9,363,7.5757,ja,0,0,131,Released
8284,The Limits of Control,5/1/2009,6,291,8.8346,en,0,0,116,Released
534,Terminator Salvation,5/20/2009,6.068,6730,6.8632,en,200000000,371353001,115,Released
22683,Gifted Hands: The Ben Carson Story,2/7/2009,7.797,745,8.0703,en,0,0,86,Released
19994,Jennifer's Body,9/18/2009,5.981,4032,7.3039,en,16000000,31556061,107,Released
37861,Valhalla Rising,9/4/2009,6.101,1257,8.8065,en,5650000,31000,93,Released
19908,Zombieland,10/2/2009,7.258,12689,6.292,en,23600000,102391540,88,Released
22164,Blood and Bone,2/7/2009,7.36,824,7.2861,en,3700000,3492,93,Released
14869,G.I. Joe: The Rise of Cobra,8/3/2009,5.788,4751,6.5688,en,175000000,302500000,118,Released
27205,Inception,7/15/2010,8.37,37990,28.0656,en,160000000,839030630,148,Released
12444,Harry Potter and the Deathly Hallows: Part 1,11/17/2010,7.739,19748,18.5339,en,250000000,954305868,146,Released
10138,Iron Man 2,4/28/2010,6.848,21734,17.0378,en,200000000,623933331,124,Released
24021,The Twilight Saga: Eclipse,6/23/2010,6.203,8990,15.739,en,68000000,698491347,124,Released
10193,Toy Story 3,6/16/2010,7.802,15180,14.7024,en,200000000,1067316101,103,Released
10191,How to Train Your Dragon,3/18/2010,7.852,13780,14.6327,en,165000000,495141736,98,Released
38757,Tangled,11/24/2010,7.61,11932,15.2811,en,260000000,592461732,100,Released
11324,Shutter Island,2/14/2010,8.201,24897,13.1431,en,80000000,294804195,138,Released
12685,BloodRayne: The Third Reich,6/10/2010,3.816,234,15.9717,en,10000000,0,79,Released
38055,Megamind,10/28/2010,7.01,7155,12.8233,en,130000000,321885765,96,Released
20526,TRON: Legacy,12/14/2010,6.508,7443,12.9729,en,170000000,409912892,126,Released
73861,A Serbian Film,1/6/2010,5.454,2104,13.4566,sr,0,0,104,Released
48395,Rare Exports: A Christmas Tale,12/3/2010,6.212,605,11.6339,fi,0,0,83,Released
12155,Alice in Wonderland,3/3/2010,6.636,14394,12.4196,en,200000000,1025467110,108,Released
20352,Despicable Me,7/8/2010,7.252,15592,11.9233,en,69000000,543284256,95,Released
10140,The Chronicles of Narnia: The Voyage of the Dawn Treader,12/2/2010,6.438,5723,10.1276,en,155000000,415686217,113,Released
32657,Percy Jackson & the Olympians: The Lightning Thief,2/1/2010,6.209,7624,11.4624,en,95000000,226497209,118,Released
10192,Shrek Forever After,5/20/2010,6.387,7655,11.1767,en,165000000,752600867,93,Released
38365,Grown Ups,6/24/2010,6.398,6409,9.625,en,80000000,271430189,102,Released
57695,The Princess of Montpensier,11/3/2010,6.4,272,11.5238,fr,14734000,6775121,139,Released
39514,RED,10/13/2010,6.7,6907,8.4775,en,58000000,199006387,111,Released
23483,Kick-Ass,3/26/2010,7.123,12001,8.147,en,28000000,96188903,118,Released
1355621,未亡人銭湯 おっぱいの時間ですよ！,8/13/2010,0,0,9.9946,ja,0,0,0,Released
23168,The Town,9/15/2010,7.219,5313,8.2849,en,37000000,154026136,125,Released
27578,The Expendables,8/7/2010,6.246,8011,9.0124,en,80000000,274470394,103,Released
38575,The Karate Kid,6/10/2010,6.565,6325,8.5309,en,40000000,359126022,140,Released
41639,Magic & Bird: A Courtship of Rivals,3/10/2010,7.7,25,10.0122,en,0,0,88,Released
734286,MiLK,11/19/2010,7.8,2,8.7542,ja,0,0,75,Released
22538,Scott Pilgrim vs. the World,8/12/2010,7.489,8210,8.3435,en,85000000,51691156,113,Released
61979,Three Steps Above Heaven,12/3/2010,7.7,3141,8.5345,es,0,0,122,Released
18823,Clash of the Titans,3/26/2010,5.917,6456,8.6121,en,125000000,493214993,106,Released
43347,Love & Other Drugs,11/4/2010,7.043,5370,8.5074,en,30000000,102800000,112,Released
45317,The Fighter,12/10/2010,7.381,4513,8.0972,en,25000000,129190869,116,Released
65496,Student Services,1/18/2010,5.3,132,7.8012,fr,0,0,101,Released
22894,Legion,1/21/2010,5.898,2735,9.0913,en,26000000,67900000,100,Released
12201,Edge of Darkness,1/28/2010,6.365,1598,7.7947,en,80000000,81126522,117,Released
50727,The Servant,6/2/2010,5.9,35,8.8297,ko,0,0,124,Released
34544,The A-Team,6/9/2010,6.41,4804,6.4196,en,110000000,177238796,117,Released
20504,The Book of Eli,1/14/2010,6.795,6390,6.4657,en,80000000,157107755,118,Released
38234,Undisputed III: Redemption,4/17/2010,7.5,956,7.7416,en,3000000,282548,96,Released
70196,The Veteran,4/29/2011,5.8,128,45.1824,en,0,0,98,Released
82023,Hotel Desire,12/7/2011,6.153,131,24.6121,de,230758,0,38,Released
1865,Pirates of the Caribbean: On Stranger Tides,5/15/2011,6.562,14489,17.0212,en,379000000,1046721266,136,Released
12445,Harry Potter and the Deathly Hallows: Part 2,7/12/2011,8.083,21299,16.391,en,125000000,1341511219,130,Released
78080,Beethoven's Christmas Adventure,11/7/2011,5.9,154,17.2834,en,0,0,90,Released
64586,Sleeping Beauty,6/10/2011,5.4,641,15.4987,en,10000000,408680,102,Released
39254,Real Steel,9/28/2011,7.06,8737,12.9058,en,110000000,299300000,127,Released
49013,Cars 2,6/11/2011,6.158,8159,13.1653,en,200000000,559852396,106,Released
70575,Children of the Corn: Genesis,8/30/2011,4.06,150,15.8517,en,4500000,0,81,Released
50619,The Twilight Saga: Breaking Dawn - Part 1,11/16/2011,6.197,9014,11.7193,en,110000000,712171856,117,Released
59115,Quarantine 2: Terminal,6/16/2011,5.711,585,11.4888,en,4000000,0,86,Released
10195,Thor,4/21/2011,6.768,21763,11.5273,en,150000000,449326618,115,Released
50014,The Help,8/9/2011,8.206,8693,12.5818,en,25000000,216600000,146,Released
77338,The Intouchables,11/2/2011,8.271,17858,10.8712,fr,13000000,426590315,113,Released
46195,Rio,4/3/2011,6.752,6931,11.2473,en,90000000,483866772,96,Released
45243,The Hangover Part II,5/25/2011,6.495,10870,10.0171,en,80000000,586764305,102,Released
417859,Puss in Boots,10/27/2011,6.6,4295,10.1988,en,130000000,554987477,90,Released
49444,Kung Fu Panda 2,5/25/2011,7.049,7542,10.6691,en,150000000,665692281,91,Released
81481,Silenced,9/22/2011,8.155,706,10.7017,ko,2200000,31500000,125,Released
96239,Zombadings 1: Patayin sa Shokot si Remington,8/31/2011,5.2,15,12.5034,tl,22361,721651,96,Released
71672,Wrong Turn 4: Bloody Beginnings,10/17/2011,5.718,1154,11.1021,en,3000000,0,93,Released
44896,Rango,3/2/2011,6.882,6808,9.1466,en,135000000,245700000,112,Released
220782,Eco-Pirate: The Story of Paul Watson,11/10/2011,6.3,3,11.1648,en,0,0,110,Released
57737,Barbie: A Fairy Secret,3/1/2011,6.873,523,9.4612,en,0,0,72,Released
49530,In Time,10/27/2011,7,11773,9.259,en,40000000,173900000,109,Released
71597,Los numeros,3/25/2011,6.5,4,10.045,pl,0,0,95,Released
64690,Drive,9/15/2011,7.584,13082,7.6152,en,15000000,78100000,100,Released
56292,Mission: Impossible - Ghost Protocol,12/7/2011,7.105,10371,8.5443,en,145000000,694713380,133,Released
50839,Margin Call,9/28/2011,6.866,1938,8.9006,en,3500000,19504039,108,Released
61791,Rise of the Planet of the Apes,8/3/2011,7.337,12324,8.2917,en,93000000,481800873,105,Released
81375,Rent Boys,12/7/2011,5.6,11,9.2315,de,0,0,84,Released
49018,Insidious,3/31/2011,6.942,7053,8.7827,en,1500000,100106454,102,Released
70006,Never Back Down 2: The Beatdown,9/13/2011,6.492,666,9.7567,en,3000000,0,99,Released
50546,Just Go with It,2/10/2011,6.704,5921,7.9097,en,80000000,214945591,117,Released
1771,Captain America: The First Avenger,7/22/2011,7.005,22144,8.3422,en,140000000,370569774,124,Released
86331,Desire,10/6/2011,6.289,1336,8.0587,fr,1344000,0,103,Released
41513,The Smurfs,7/29/2011,5.8,3887,7.3938,en,110000000,563749323,102,Released
46529,I Am Number Four,2/18/2011,6.179,4795,7.649,en,50000000,149900000,109,Released
62835,Colombiana,7/27/2011,6.636,2712,7.5536,en,40000000,71508440,108,Released
71676,Ghost Rider: Spirit of Vengeance,12/10/2011,5.006,3914,6.8353,en,57000000,132563930,96,Released
24428,The Avengers,4/25/2012,7.809,33146,41.4687,en,220000000,1518815515,143,Released
70160,The Hunger Games,3/12/2012,7.218,22640,9.7116,en,75000000,694000000,142,Released
49026,The Dark Knight Rises,7/17/2012,7.787,23553,17.1291,en,250000000,1081041287,165,Released
49051,The Hobbit: An Unexpected Journey,12/12/2012,7.362,19002,14.9644,en,250000000,1021103568,169,Released
1930,The Amazing Spider-Man,6/23/2012,6.722,17941,14.3556,en,215000000,757930663,136,Released
50620,The Twilight Saga: Breaking Dawn - Part 2,11/13/2012,6.463,9130,12.2222,en,120000000,829747654,115,Released
62213,Dark Shadows,5/9/2012,6.096,7403,12.903,en,150000000,245527149,113,Released
41154,Men in Black 3,5/23/2012,6.536,10625,12.0091,en,225000000,654213485,106,Released
98368,Ritual,4/26/2012,5.6,103,14.1375,en,200000,11575,87,Released
62177,Brave,6/21/2012,7.021,13765,10.8748,en,185000000,538983207,93,Released
122293,The Philadelphia Experiment,7/27/2012,4.9,144,12.633,en,0,0,85,Released
68718,Django Unchained,12/25/2012,8.184,27074,10.0902,en,100000000,425368238,165,Released
70981,Prometheus,5/30/2012,6.581,12757,9.6114,en,130000000,403354469,124,Released
81188,Rise of the Guardians,11/21/2012,7.37,6928,10.526,en,145000000,306941670,97,Released
123229,Porn in the Hood,7/11/2012,5.052,355,10.4993,fr,0,103504,98,Released
132601,The Reef 2: High Tide,10/19/2012,4.5,56,11.0283,en,0,0,80,Released
115290,Blue Lagoon: The Awakening,6/16/2012,6.443,1463,10.5842,en,0,0,85,Released
103332,Ruby Sparks,7/25/2012,7.119,1694,10.6944,en,8000000,9368803,104,Released
76492,Hotel Transylvania,9/20/2012,6.963,8889,10.5001,en,85000000,358375603,91,Released
82690,Wreck-It Ralph,11/1/2012,7.349,12696,9.9732,en,165000000,471222889,101,Released
142635,Love at the Thanksgiving Day Parade,11/4/2012,6.4,35,9.6208,en,0,0,84,Released
80321,Madagascar 3: Europe's Most Wanted,6/6/2012,6.62,6353,9.2924,en,145000000,746921274,93,Released
77877,The Lucky One,4/19/2012,7.2,3743,9.0393,en,25000000,99400000,101,Released
37724,Skyfall,10/24/2012,7.254,15616,8.6382,en,200000000,1108594176,143,Released
73723,The Lorax,3/1/2012,6.509,3729,8.7488,en,70000000,349305397,86,Released
119826,The Unspeakable Act,6/24/2012,5.6,24,10.1846,en,0,0,91,Released
75780,Jack Reacher,12/20/2012,6.646,7305,8.1827,en,60000000,218300000,130,Released
107257,A Perfect Ending,6/1/2012,6.264,129,9.4841,en,175000,0,110,Released
122126,The Concubine,6/6/2012,6,100,8.651,ko,0,16465764,122,Released
112160,Sexual Chronicles of a French Family,5/9/2012,5.4,388,8.5259,fr,0,0,85,Released
134756,Killjoy Goes to Hell,10/9/2012,5,27,8.4307,en,0,0,90,Released
58595,Snow White and the Huntsman,5/30/2012,5.986,8029,8.7944,en,170000000,396600000,127,Released
242167,Adventures of Bailey: Christmas Hero,11/6/2012,5.2,5,9.3868,en,0,0,87,Released
82507,Sinister,3/29/2012,6.867,5772,8.1935,en,3000000,82515113,110,Released
82695,Les Misérables,12/18/2012,7.315,5418,8.4654,en,61000000,442636309,158,Released
82675,Taken 2,9/27/2012,6.363,6856,8.378,en,45000000,376100000,91,Released
92635,Snow White: A Deadly Summer,3/16/2012,3.8,28,7.8016,en,1000000,0,85,Released
49529,John Carter,3/7/2012,6.3,5861,8.5948,en,250000000,284100000,132,Released
57800,Ice Age: Continental Drift,6/27/2012,6.387,7857,8.0479,en,95000000,877244782,88,Released
84287,The Imposter,7/13/2012,7.313,752,9.4698,en,0,898317,99,Released
138843,The Conjuring,7/18/2013,7.54,12200,52.2385,en,13000000,320422209,112,Released
195757,The Ultimate Life,9/6/2013,6.994,81,33.2987,en,0,0,105,Released
106646,The Wolf of Wall Street,12/25/2013,8.028,24995,21.6883,en,100000000,407038432,180,Released
109445,Frozen,11/20/2013,7.2,17077,18.2846,en,150000000,1274219009,102,Released
146233,Prisoners,9/19/2013,8.099,12443,15.9472,en,46000000,122126687,153,Released
68721,Iron Man 3,4/18/2013,6.929,22827,13.855,en,200000000,1215577205,130,Released
167032,Curse of Chucky,10/8/2013,5.9,1635,14.6508,en,5000000,3876587,97,Released
173185,It Boy,3/6/2013,6.461,1519,10.1138,fr,0,0,92,Released
223402,"Hocus Pocus, Alfie Atkins!",8/23/2013,4,4,12.4759,no,0,0,72,Released
76338,Thor: The Dark World,10/30/2013,6.512,17829,11.4254,en,170000000,644783140,112,Released
49521,Man of Steel,6/12/2013,6.636,15670,11.5418,en,225000000,668045518,143,Released
68726,Pacific Rim,7/11/2013,6.911,12880,11.0436,en,180000000,411000000,131,Released
110415,Snowpiercer,8/1/2013,6.908,10005,11.9091,ko,39200000,86758912,127,Released
75656,Now You See Me,5/29/2013,7.333,16023,10.9144,en,75000000,351723989,116,Released
57158,The Hobbit: The Desolation of Smaug,12/11/2013,7.572,13650,10.8515,en,250000000,958400000,161,Released
72190,World War Z,6/19/2013,6.824,15948,11.7701,en,200000000,531865000,116,Released
215935,Bethlehem,9/26/2013,6.2,32,12.1773,he,0,0,99,Released
158015,The Purge,5/31/2013,6.252,8588,9.0373,en,3000000,91266581,86,Released
109418,Grown Ups 2,7/11/2013,6.147,4504,9.8873,en,80000000,247022278,101,Released
93456,Despicable Me 2,6/26/2013,6.935,11641,10.3206,en,76000000,970766005,98,Released
62211,Monsters University,6/19/2013,7.042,10976,10.3238,en,200000000,743559465,104,Released
249397,Nymphomaniac: Vol. II,12/25/2013,6.714,3016,10.2419,en,2350000,4934725,124,Released
96721,Rush,9/2/2013,7.727,7483,7.7503,en,38000000,90200000,123,Released
204082,Homefront,11/12/2013,6.944,3648,8.7307,en,22000000,51695362,100,Released
81005,Jack the Giant Slayer,2/27/2013,5.858,5038,9.1496,en,195000000,197700000,114,Released
109451,Cloudy with a Chance of Meatballs 2,9/26/2013,6.442,3345,8.8165,en,78000000,248384621,94,Released
403039,Those Science Freaks,2/20/2013,6.1,12,9.8252,ja,0,0,25,Released
49047,Gravity,10/3/2013,7.162,15808,8.5962,en,105000000,723192705,91,Released
289214,Disaster Wars: Earthquake vs. Tsunami,12/13/2013,5.5,39,6.1086,en,185000,0,85,Released
146223,Closed Circuit,8/28/2013,5.9,474,10.1275,en,0,5750401,96,Released
146216,RED 2,7/18/2013,6.527,4156,8.6833,en,84000000,148075565,116,Released
119283,Parker,1/23/2013,6.069,3143,7.504,en,35000000,46216641,118,Released
476204,Romeo and Juliet (Royal Ballet),2/25/2013,0,0,8.09,en,0,0,168,Released
198436,Antboy,9/7/2013,5.7,145,9.2776,da,0,0,77,Released
152601,Her,12/18/2013,7.846,14762,8.413,en,23000000,47351251,126,Released
138832,We're the Millers,8/7/2013,6.835,9152,7.9965,en,37000000,270000000,110,Released
60304,Hansel & Gretel: Witch Hunters,1/17/2013,6.093,6895,7.9066,en,50000000,226349749,88,Released
72559,G.I. Joe: Retaliation,3/27/2013,5.646,5614,7.6662,en,130000000,371900000,110,Released
138697,Don Jon,9/12/2013,6.017,4428,7.9413,en,3000000,0,90,Released
171776,Sparks,3/1/2013,4.8,98,7.4152,en,0,0,90,Released
157336,Interstellar,11/5/2014,8.461,37902,69.4581,en,165000000,746606706,169,Released
198663,The Maze Runner,9/10/2014,7.192,17565,22.9849,en,34000000,348319861,113,Released
122917,The Hobbit: The Battle of the Five Armies,12/10/2014,7.327,14803,20.6673,en,250000000,956019788,144,Released
177572,Big Hero 6,10/24/2014,7.7,16097,17.8794,en,165000000,657870525,102,Released
228150,Fury,10/15/2014,7.54,12493,15.7019,en,68000000,211817906,135,Released
82702,How to Train Your Dragon 2,6/5/2014,7.675,10048,15.715,en,145000000,621537519,102,Released
270946,Penguins of Madagascar,11/22/2014,6.53,4316,15.511,en,132000000,373515621,92,Released
137113,Edge of Tomorrow,5/27/2014,7.632,14439,14.8438,en,178000000,370541256,114,Released
210577,Gone Girl,10/1/2014,7.89,19283,14.0657,en,61000000,370890259,149,Released
102382,The Amazing Spider-Man 2,4/16/2014,6.523,13744,14.5888,en,200000000,708962323,141,Released
98566,Teenage Mutant Ninja Turtles,8/7/2014,5.921,6988,13.4529,en,125000000,485004754,101,Released
244786,Whiplash,10/10/2014,8.376,15925,13.7483,en,3300000,50307484,107,Released
156022,The Equalizer,9/24/2014,7.281,9496,13.8047,en,55000000,192330738,132,Released
119450,Dawn of the Planet of the Apes,7/8/2014,7.334,11828,14.2776,en,170000000,710644566,130,Released
91314,Transformers: Age of Extinction,6/25/2014,5.95,8455,12.208,en,210000000,1104054072,165,Released
131631,The Hunger Games: Mockingjay - Part 1,11/19/2014,6.814,16283,12.3526,en,125000000,755356711,123,Released
260211,Achmed Saves America,3/18/2014,5.4,15,13.5715,en,0,0,60,Released
269955,Obsessed,5/14/2014,6.8,75,12.7564,ko,0,0,132,Released
260346,Taken 3,12/16/2014,6.263,5938,11.829,en,48000000,325800000,109,Released
250546,Annabelle,10/1/2014,5.788,6353,11.1391,en,6500000,257589952,99,Released
127585,X-Men: Days of Future Past,5/15/2014,7.529,15769,10.1631,en,250000000,747862775,132,Released
68737,Seventh Son,12/12/2014,5.519,2560,11.0126,en,95000000,114178613,102,Released
238636,The Purge: Anarchy,7/17/2014,6.628,6532,10.0599,en,9000000,111928365,103,Released
242582,Nightcrawler,10/23/2014,7.705,11236,9.0762,en,8500000,47425835,118,Released
205596,The Imitation Game,11/14/2014,7.992,17542,9.2248,en,14000000,233555708,113,Released
262543,Automata,10/9/2014,5.872,1714,9.182,en,7000000,6237990,110,Released
546726,Sub Rosa,8/10/2014,6.1,16,8.9126,en,0,0,22,Released
228358,The Pact II,9/5/2014,4.8,176,10.3903,en,0,0,96,Released
189,Sin City: A Dame to Kill For,8/20/2014,6.396,3986,10.7435,en,65000000,39407616,102,Released
102651,Maleficent,5/28/2014,7.089,13419,9.5726,en,180000000,758539785,97,Released
323666,Living Still Life,7/2/2014,6.4,25,10.3293,fr,0,0,16,Released
169917,A Walk Among the Tombstones,9/18/2014,6.331,2892,8.35,en,28000000,58834384,114,Released
193893,Let's Be Cops,8/13/2014,6.5,2870,8.8283,en,17000000,136600000,104,Released
181533,Night at the Museum: Secret of the Tomb,12/17/2014,6.216,6034,7.3802,en,127000000,363204635,98,Released
302945,Love Affair,10/30/2014,6,22,8.5245,ko,0,0,91,Released
227159,Horrible Bosses 2,11/12/2014,6.181,4245,8.6528,en,42000000,107645357,108,Released
175112,Tinker Bell and the Pirate Fairy,2/13/2014,7,1038,9.1844,en,0,63998725,78,Released
240832,Lucy,7/25/2014,6.468,16562,8.2178,en,40000000,469058574,89,Released
831973,Shinjin kyonyû: Hasande san-patsu!,11/21/2014,2,2,8.2209,ja,0,0,60,Released
184345,A Haunted House 2,4/17/2014,6.173,1517,8.5278,en,4000000,25343661,87,Released
216015,Fifty Shades of Grey,2/11/2015,5.88,12112,22.4346,en,40000000,569651467,125,Released
150540,Inside Out,6/17/2015,7.909,22802,17.046,en,175000000,857611174,95,Released
286217,The Martian,9/30/2015,7.689,20438,16.1315,en,108000000,631058917,141,Released
351523,Purpose of Reunion,8/6/2015,6.4,29,15.7398,ko,0,0,100,Released
99861,Avengers: Age of Ultron,4/22/2015,7.271,23732,15.0228,en,365000000,1405403694,141,Released
273477,Scouts Guide to the Zombie Apocalypse,10/23/2015,6.545,2006,15.5178,en,15000000,14900000,93,Released
387824,Mom's Friend,8/20/2015,7,24,15.5393,ko,0,0,91,Released
214756,Ted 2,6/25/2015,6.316,7727,13.9279,en,68000000,215863606,115,Released
150689,Cinderella,3/6/2015,6.826,7222,14.9735,en,95000000,543514353,105,Released
372049,My Friend's Wife,12/3/2015,6.8,12,15.1871,ko,0,0,80,Released
356216,The Rise of the Krays,8/29/2015,4.7,46,14.1466,en,2500000,0,110,Released
135397,Jurassic World,6/6/2015,6.699,21006,12.5417,en,150000000,1671537444,124,Released
390845,A Delicious Flight,11/1/2015,4.4,68,12.3444,ko,0,0,97,Released
76341,Mad Max: Fury Road,5/13/2015,7.626,23378,11.5439,en,150000000,378858340,121,Released
168259,Furious 7,4/1/2015,7.224,10953,11.6867,en,190000000,1515400000,139,Released
387848,Buddy's Mom,11/12/2015,6,12,12.5585,ko,0,0,101,Released
262500,Insurgent,3/18/2015,6.363,10201,10.8197,en,110000000,297002527,119,Released
140607,Star Wars: The Force Awakens,12/15/2015,7.256,19970,10.3096,en,245000000,2068223624,136,Released
329697,Raiders!: The Story of the Greatest Fan Film Ever Made,3/14/2015,6.729,70,12.6398,en,0,0,93,Released
324963,Monster High: Haunted,3/2/2015,7.5,195,11.6158,en,0,0,75,Released
254128,San Andreas,5/27/2015,6.245,8772,8.9993,en,110000000,473990832,114,Released
198184,Chappie,3/4/2015,6.784,8182,9.3052,en,49000000,104399548,120,Released
366017,You Cast A Spell On Me,10/25/2015,6.8,45,9.069,en,0,0,85,Released
294254,Maze Runner: The Scorch Trials,9/9/2015,6.734,10696,9.1579,en,61000000,312296056,131,Released
273481,Sicario,9/17/2015,7.416,9098,8.3696,en,30000000,84997446,122,Released
166424,Fantastic Four,8/5/2015,4.432,6226,9.2022,en,120000000,167977596,100,Released
312221,Creed,11/25/2015,7.407,7693,9.0352,en,37000000,173600000,133,Released
318846,The Big Short,12/11/2015,7.359,9401,7.1389,en,28000000,133346506,131,Released
281957,The Revenant,12/25/2015,7.536,18682,8.0042,en,135000000,532950503,157,Released
270303,It Follows,2/4/2015,6.6,6641,7.5293,en,2300000,23374076,101,Released
257344,Pixels,7/16/2015,5.758,7794,8.2723,en,88000000,244900000,106,Released
257211,The Intern,9/23/2015,7.226,7018,7.6223,en,35000000,194564672,121,Released
177677,Mission: Impossible - Rogue Nation,7/28/2015,7.217,9304,8.5589,en,150000000,682716636,131,Released
207703,Kingsman: The Secret Service,1/24/2015,7.623,17282,7.0932,en,81000000,414351546,129,Released
352812,Tick Tock Tale,8/18/2015,7.4,110,8.3305,en,0,0,7,Released
238615,Self/less,7/10/2015,6.413,3184,8.0789,en,26000000,31807156,117,Released
102899,Ant-Man,7/14/2015,7.067,20321,7.8214,en,130000000,519311965,117,Released
159824,Hotel Transylvania 2,9/21/2015,6.767,5940,8.979,en,80000000,473200000,89,Released
334307,Through the Air,6/17/2015,5.5,40,9.2301,fr,0,0,98,Released
307081,Southpaw,3/24/2015,7.365,5620,7.8551,en,30000000,91709827,123,Released
259693,The Conjuring 2,6/8/2016,7.294,8833,33.651,en,40000000,322819915,134,Released
423502,My Friend's Mom,10/12/2016,4.8,14,22.5564,ko,0,0,78,Released
687209,Female Wars: The Man Who Moved In,10/17/2016,10,1,30.8709,ko,0,0,102,Released
372058,Your Name.,8/26/2016,8.479,12000,17.9754,ja,0,358000000,106,Released
486593,Women's War: Doggie's Uprising,3/24/2016,0,0,15.0896,ko,0,0,115,Released
269149,Zootopia,2/11/2016,7.75,16941,15.4551,en,150000000,1025521689,109,Released
209112,Batman v Superman: Dawn of Justice,3/23/2016,5.985,18509,14.819,en,250000000,874362803,152,Released
290098,The Handmaiden,6/1/2016,8.199,4039,15.7704,ko,8575000,38600000,145,Released
329865,Arrival,11/10/2016,7.619,18561,14.0672,en,47000000,203388186,116,Released
293660,Deadpool,2/9/2016,7.623,31930,12.7692,en,58000000,782837347,108,Released
404378,A Street Cat Named Bob,11/4/2016,7.902,1499,14.5777,en,8000000,17900000,103,Released
324786,Hacksaw Ridge,10/7/2016,8.193,14327,13.2973,en,40000000,175302354,139,Released
296096,Me Before You,6/1/2016,7.928,12838,14.6008,en,20000000,207945075,110,Released
339148,Already Tomorrow in Hong Kong,2/12/2016,5.959,122,13.6667,en,0,21206,79,Released
396535,Train to Busan,7/20/2016,7.753,7970,13.041,ko,8500000,87547518,118,Released
361854,The Dark Side of the Moon,1/14/2016,5.8,88,12.8431,de,0,0,97,Released
348893,Boyka: Undisputed IV,8/1/2016,7.159,1395,12.1263,en,0,413334,87,Released
271110,Captain America: Civil War,4/27/2016,7.447,23415,11.1493,en,250000000,1155046416,147,Released
408866,RE:BORN,9/24/2016,7.1,232,12.0676,ja,0,0,101,Released
420940,Best. Partee. Ever.,10/15/2016,3,2,9.6993,tl,0,0,120,Released
412092,Mom's Friend 2,9/1/2016,6,14,10.1136,ko,0,0,92,Released
427004,Marine Life Interviews,11/15/2016,6.2,78,9.2594,en,0,0,2,Released
335797,Sing,11/23/2016,7.12,8207,8.7349,en,75000000,634151679,107,Released
246655,X-Men: Apocalypse,5/18/2016,6.517,13350,9.5576,en,178000000,543934787,144,Released
333669,Bastille Day,4/22/2016,6.304,1438,9.2484,en,20000000,14397593,92,Released
375963,The Fall of the Krays,1/1/2016,5,21,10.4329,en,0,0,112,Released
284052,Doctor Strange,10/25/2016,7.418,22800,8.6435,en,180000000,676343174,115,Released
140300,Kung Fu Panda 3,1/23/2016,6.917,6313,9.0632,en,145000000,521170825,95,Released
333484,The Magnificent Seven,9/14/2016,6.468,6144,8.2251,en,90000000,162400000,132,Released
363103,Nise: The Heart of Madness,4/21/2016,8.1,129,11.65,pt,0,0,106,Released
259316,Fantastic Beasts and Where to Find Them,11/16/2016,7.311,19244,8.6229,en,180000000,809342332,133,Released
378064,A Silent Voice: The Movie,9/17/2016,8.384,4221,9.0652,ja,0,30819442,129,Released
409276,What a Good Secretary Wants,5/20/2016,5.7,7,9.2898,ko,0,0,71,Released
313369,La La Land,12/1/2016,7.9,17509,7.7613,en,30000000,509183536,129,Released
278154,Ice Age: Collision Course,6/23/2016,6.112,4735,8.9023,en,105000000,408579038,95,Released
381284,Hidden Figures,12/10/2016,8.051,10099,8.4338,en,25000000,235957472,127,Released
372962,Mai-chan's Daily Life,2/25/2016,5.4,16,7.2076,ja,0,0,63,Released
431392,Ouija 3: The Charlie Charlie Challenge,10/21/2016,4.4,28,8.9066,en,0,0,85,Released
300671,13 Hours: The Secret Soldiers of Benghazi,1/14/2016,7.3,3751,8.7509,en,50000000,69411370,144,Released
418827,Sister's Younger Husband,10/11/2016,5.7,10,8.5931,ko,0,0,75,Released
460229,Kiss and Kill,8/8/2017,5.3,64,36.8638,en,0,0,81,Released
475624,Sea Change,9/17/2017,5.8,30,29.0167,en,0,0,81,Released
335984,Blade Runner 2049,10/4/2017,7.587,14400,19.2963,en,150000000,259239658,164,Released
354912,Coco,10/27/2017,8.202,20246,21.2751,en,175000000,814641172,105,Released
315635,Spider-Man: Homecoming,7/5/2017,7.329,22504,16.4427,en,175000000,880166924,133,Released
860410,Asebamu Akahadaka Tsuma,1/1/2017,10,1,16.9933,zh,0,0,0,Released
370663,Below Her Mouth,2/10/2017,6.796,1248,16.5054,en,0,33673,92,Released
352491,Hollow in the Land,12/8/2017,5.4,60,16.5971,en,0,10688,92,Released
297762,Wonder Woman,5/30/2017,7.214,20448,15.0374,en,149000000,823970682,141,Released
449927,Chasing the Dragon,9/28/2017,6.9,124,14.67,cn,200000000,87965942,128,Released
340027,Brain on Fire,2/22/2017,7,1397,14.251,en,0,0,88,Released
435720,Framed for Murder: A Fixer Upper Mystery,1/15/2017,6.6,42,13.9161,en,0,0,83,Released
260514,Cars 3,6/15/2017,6.9,6141,12.6646,en,175000000,383925276,102,Released
440617,Family Reconstruction,2/14/2017,5.7,10,12.2595,ko,0,0,75,Released
47971,xXx: Return of Xander Cage,1/13/2017,6.135,9094,11.4241,en,85000000,346118277,107,Released
324552,John Wick: Chapter 2,2/8/2017,7.339,13688,12.1931,en,40000000,171539887,122,Released
484889,Rise of the Footsoldier 3: The Pat Tate Story,11/3/2017,6.2,45,14.075,en,0,17000,99,Released
396422,Annabelle: Creation,8/3/2017,6.605,5813,11.1264,en,15000000,306592201,110,Released
141052,Justice League,11/15/2017,6.074,13312,10.0948,en,300000000,661326987,120,Released
452034,Madame Freedom,4/4/2017,5.7,3,8.225,ko,0,0,81,Released
354285,The Sense of an Ending,3/10/2017,6.4,211,10.6572,en,0,5081495,108,Released
283995,Guardians of the Galaxy Vol. 2,4/19/2017,7.611,22284,10.5634,en,200000000,863756051,137,Released
337339,The Fate of the Furious,4/12/2017,6.862,10541,9.3764,en,250000000,1236000000,136,Released
346364,It,9/6/2017,7.2,19562,10.7672,en,35000000,704242888,135,Released
419430,Get Out,2/24/2017,7.619,18127,10.3502,en,4500000,255407969,104,Released
428288,Napping Princess,3/18/2017,6.7,124,6.6939,ja,0,0,111,Released
284053,Thor: Ragnarok,10/2/2017,7.583,21406,9.7909,en,180000000,855301806,131,Released
451995,Faces Places,6/28/2017,7.658,400,12.4944,fr,0,1108983,94,Released
483104,A Christmas Prince,11/17/2017,6.6,1455,12.1315,en,0,0,92,Released
166426,Pirates of the Caribbean: Dead Men Tell No Tales,5/23/2017,6.653,12392,10.2455,en,230000000,795922298,129,Released
321612,Beauty and the Beast,3/16/2017,6.969,15764,8.4226,en,160000000,1266115964,129,Released
126889,Alien: Covenant,5/9/2017,6.158,9045,8.6806,en,97000000,240891763,122,Released
481871,Mother's Job,7/27/2017,5.8,15,10.1743,ko,0,0,79,Released
483266,The Jade Pendant,10/24/2017,6,7,10.7299,en,0,0,106,Released
339403,Baby Driver,6/28/2017,7.446,16264,8.4906,en,34000000,226945087,113,Released
490147,Romance at Reindeer Lodge,12/17/2017,6,44,11.6269,en,0,0,84,Released
341174,Fifty Shades Darker,2/8/2017,6.48,7793,8.554,en,55000000,381545846,118,Released
181808,Star Wars: The Last Jedi,12/13/2017,6.768,15808,8.352,en,200000000,1332698830,152,Released
493416,Troy the Odyssey,10/15/2017,4.1,27,8.8401,en,500000,0,90,Released
339964,Valerian and the City of a Thousand Planets,7/19/2017,6.628,7713,7.4245,en,177200000,225973340,137,Released
506763,Detective Dee: The Four Heavenly Kings,7/27/2018,6.226,199,85.4574,zh,0,84168923,132,Released
299536,Avengers: Infinity War,4/25/2018,8.236,30963,28.3997,en,300000000,2052415039,149,Released
260513,Incredibles 2,6/14/2018,7.455,13268,24.3811,en,200000000,1243225667,118,Released
1413052,Bloodrunner Zero,4/18/2018,3,1,13.3964,en,0,0,0,Released
337167,Fifty Shades Freed,1/17/2018,6.687,8192,17.489,en,55000000,371985018,105,Released
527465,Moromete Family: On the Edge of Time,11/16/2018,6.6,23,16.6055,ro,1652722,0,110,Released
490132,Green Book,11/16/2018,8.227,12262,16.4219,en,23000000,321752656,130,Released
439079,The Nun,9/5/2018,5.905,6960,15.5976,en,22000000,366082797,96,Released
324857,Spider-Man: Into the Spider-Verse,12/6/2018,8.397,16461,16.5349,en,90000000,393602435,117,Released
565599,A Christmas for the Books,12/11/2018,5.3,26,17.7004,en,0,0,90,Released
448982,King Cohen: The Wild World of Filmmaker Larry Cohen,7/7/2018,6.6,19,14.4237,en,0,0,110,Released
333339,Ready Player One,3/28/2018,7.585,16252,11.6793,en,175000000,607274134,140,Released
568047,Panic: The Untold Story of the 2008 Financial Crisis,12/11/2018,6.4,21,12.8009,en,0,0,96,Released
383498,Deadpool 2,5/15/2018,7.489,18621,10.6761,en,110000000,785896632,120,Released
351286,Jurassic World: Fallen Kingdom,6/6/2018,6.539,12318,10.3769,en,170000000,1310469037,129,Released
335983,Venom,9/28/2018,6.827,16753,10.7689,en,116000000,856085151,112,Released
526746,The Lost Viking,5/28/2018,6.4,155,13.3404,en,0,0,103,Released
481533,When Jeff Tried to Save the World,4/16/2018,5.7,30,14.1987,en,0,0,93,Released
297802,Aquaman,12/7/2018,6.874,14485,9.7256,en,160000000,1152028393,143,Released
475210,How It Ends,7/13/2018,5.3,1970,11.2311,en,20000000,0,113,Released
363088,Ant-Man and the Wasp,7/4/2018,6.9,13747,9.3367,en,140000000,622674139,119,Released
284054,Black Panther,2/13/2018,7.369,22820,8.9817,en,200000000,1349926083,135,Released
463387,"One Nation, One King",9/26/2018,5.6,174,11.7749,fr,0,0,121,Released
550084,Reunited at Christmas,11/21/2018,5.3,34,11.5714,en,0,0,84,Released
346910,The Predator,9/5/2018,5.6,4885,9.1006,en,88000000,160542134,107,Released
353081,Mission: Impossible - Fallout,7/25/2018,7.4,8726,8.6035,en,178000000,791658205,147,Released
480530,Creed II,11/21/2018,7.035,5601,8.4878,en,50000000,214200000,130,Released
518527,Harry & Meghan: A Royal Romance,5/13/2018,6.928,209,11.7462,en,0,0,120,Released
526089,"Signed, Sealed, Delivered: To the Altar",7/15/2018,7.2,31,9.7497,en,0,0,84,Released
399402,Hunter Killer,10/19/2018,6.893,2262,7.4606,en,40000000,31672678,121,Released
424694,Bohemian Rhapsody,10/24/2018,7.968,17305,8.1476,en,52000000,910813521,135,Released
375588,Robin Hood,11/3/2018,5.915,3048,6.8922,en,100000000,86493046,116,Released
502147,Wild Nights with Emily,3/11/2018,6,43,9.7722,en,0,0,84,Released
558655,Flesh & Blood,11/2/2018,6.9,141,9.6112,en,0,0,93,Released
447332,A Quiet Place,4/3/2018,7.396,14773,8.2284,en,17000000,340955294,91,Released
485811,Redcon-1,9/7/2018,5.713,321,8.644,en,0,0,117,Released
400535,Sicario: Day of the Soldado,6/27/2018,6.938,3818,8.8821,en,35000000,75836683,122,Released
445710,Children of the Corn: Runaway,3/13/2018,4.396,72,10.0121,en,0,0,82,Released
402900,Ocean's Eight,6/7/2018,6.968,8526,7.412,en,70000000,297718711,111,Released
420634,Terrifier,1/25/2018,6.345,2771,7.9829,en,35000,421798,84,Released
660033,How I Became a Gangster,12/25/2019,7,112,51.5135,pl,0,5975729,140,Released
615453,Ne Zha,7/26/2019,7.9,655,44.4072,zh,22000000,742718496,110,Released
501902,Just Friends,5/25/2019,7.1,87,29.6305,nl,0,0,84,Released
496243,Parasite,5/30/2019,8.497,19505,18.869,ko,11363000,257591776,133,Released
820232,Demon Slayer: Kimetsu no Yaiba — Sibling's Bond,3/29/2019,7.909,226,19.0881,ja,0,480522,105,Released
613099,The Legacy of the Bones,12/5/2019,6.566,439,23.5331,es,0,0,121,Released
537915,After,4/11/2019,7.116,8400,17.2139,en,14000000,69497587,106,Released
541339,The Good Girls,3/22/2019,6.526,77,19.7531,es,0,0,99,Released
299534,Avengers: Endgame,4/24/2019,8.238,26748,16.039,en,356000000,2799439100,181,Released
429617,Spider-Man: Far From Home,6/28/2019,7.4,16346,18.5269,en,160000000,1131927996,129,Released
521029,Annabelle Comes Home,6/26/2019,6.405,3698,14.7054,en,27000000,231252591,106,Released
466272,Once Upon a Time... in Hollywood,7/24/2019,7.426,14165,12.3517,en,95000000,392105159,162,Released
475557,Joker,10/1/2019,8.133,26813,12.0374,en,55000000,1078958629,122,Released
166428,How to Train Your Dragon: The Hidden World,1/3/2019,7.749,6809,13.5679,en,129000000,539987993,104,Released
501989,Ode to Joy,9/8/2019,6.2,124,15.1652,en,0,17303,97,Released
593691,HOMECOMING: A film by Beyoncé,4/16/2019,8.1,340,13.7554,en,0,0,137,Released
484468,The Wolf's Call,2/20/2019,7.544,2091,13.3684,fr,22400000,12652790,116,Released
637415,Enhanced,10/24/2019,5.5,40,14.7705,en,0,0,95,Released
384018,Fast & Furious Presents: Hobbs & Shaw,7/31/2019,6.846,7490,13.275,en,200000000,760098996,137,Released
657654,Senior Couple and Exchange Sex,12/23/2019,6.7,7,11.4794,ko,0,0,86,Released
581528,"The Gangster, the Cop, the Devil",5/15/2019,7.855,1336,11.2273,ko,6500000,25775371,110,Released
474350,It Chapter Two,9/4/2019,6.8,9073,11.1189,en,79000000,473123154,169,Released
631428,Cherished Memories: A Gift to Remember 2,11/24/2019,5.6,23,11.6016,en,80,0,80,Released
301528,Toy Story 4,6/19/2019,7.469,10151,10.4985,en,175000000,1073841394,100,Released
653151,Les Misérables: The Staged Concert,12/2/2019,7.1,23,11.8428,en,0,0,180,Released
458156,John Wick: Chapter 3 - Parabellum,5/15/2019,7.445,11221,10.5328,en,55000000,326709727,131,Released
520901,Doom: Annihilation,9/30/2019,4.949,445,11.3948,en,0,0,97,Released
581310,Flip That Romance,3/16/2019,6.3,55,11.3414,en,0,0,84,Released
512200,Jumanji: The Next Level,12/4/2019,6.888,9017,10.5151,en,125000000,801693929,123,Released
637422,MatchMaker Mysteries: A Killer Engagement,10/6/2019,6.7,27,11.4884,en,0,0,85,Released
359724,Ford v Ferrari,11/13/2019,8,8502,8.7514,en,97600000,225508210,153,Released
490032,Underground Inc: The Rise and Fall of Alternative Rock,9/21/2019,10,1,11.4664,en,0,0,0,Released
181812,Star Wars: The Rise of Skywalker,12/18/2019,6.283,10359,8.9966,en,416000000,1074144248,142,Released
330457,Frozen II,11/20/2019,7.244,10027,10.0713,en,150000000,1453683476,103,Released
480414,The Curse of La Llorona,4/17/2019,5.7,2559,9.8815,en,9000000,123233739,93,Released
565273,Light from Light,11/1/2019,6,33,10.3306,en,0,0,82,Released
639254,Crossword Mysteries: Proposing Murder,10/13/2019,7.6,59,10.8162,en,0,0,82,Released
530915,1917,12/25/2019,7.986,12998,9.1898,en,100000000,394638258,119,Released
570614,Rise of the Footsoldier 4: Marbella,11/8/2019,5,31,10.3067,en,0,0,85,Released
546554,Knives Out,11/27/2019,7.843,13124,9.1418,en,40000000,312897920,131,Released
715287,Stepmom's Desire,5/29/2020,7.2,30,63.5609,ko,0,0,78,Released
635302,Demon Slayer -Kimetsu no Yaiba- The Movie: Mugen Train,10/16/2020,8.2,4240,30.7082,ja,15700000,523542183,117,Released
707610,Bosomy Mom,5/6/2020,6.2,12,22.296,ko,0,0,69,Released
650498,Twittering Birds Never Fly: The Clouds Gather,2/27/2020,6.8,32,19.8428,ja,0,0,85,Released
694943,Pizza Dare 1,4/10/2020,6.6,10,17.613,ko,0,0,68,Released
680438,After Truth: Disinformation and the Cost of Fake News,3/19/2020,6.5,42,13.1212,en,0,0,95,Released
390635,Fate/stay night: Heaven's Feel III. Spring Song,8/15/2020,7.7,187,13.1046,ja,0,20150000,120,Released
704630,Asylum: Twisted Horror and Fantasy Tales,7/2/2020,5.932,44,13.7496,en,0,0,105,Released
673228,Is There a Killer in My Family?,2/14/2020,6.5,39,13.2051,en,0,0,87,Released
784941,Taming The Younger Sister-in-Law,12/11/2020,6.1,10,11.3398,ko,0,0,111,Released
740985,Borat Subsequent Moviefilm,10/23/2020,6.4,2692,11.0098,en,0,0,96,Released
675308,Lingering,4/29/2020,6.4,24,10.6598,ko,0,0,100,Released
495764,Birds of Prey (and the Fantabulous Emancipation of One Harley Quinn),2/5/2020,6.893,10530,10.2573,en,75000000,205537933,109,Released
454626,Sonic the Hedgehog,2/12/2020,7.301,10079,9.7663,en,85000000,319715683,99,Released
703754,Eric Andre: Legalize Everything,6/23/2020,6.3,53,10.5393,en,0,0,52,Released
643205,Between Waves,7/15/2020,5.2,7,12.0249,en,0,0,100,Released
701675,Fast and Fierce: Death Race,5/19/2020,5.6,24,10.3831,en,0,0,85,Released
524047,Greenland,7/29/2020,7.126,4774,13.0874,en,34000000,52300000,120,Released
547016,The Old Guard,7/9/2020,7.124,4554,10.0183,en,70000000,0,125,Released
598577,Disappearance at Clifton Hill,2/28/2020,5.5,106,8.421,en,0,0,100,Released
613504,After We Collided,9/2/2020,7.161,5399,9.7927,en,14000000,47990414,105,Released
577922,Tenet,8/22/2020,7.175,10488,7.9591,en,205000000,365304105,150,Released
464052,Wonder Woman 1984,12/16/2020,6.395,8762,9.2952,en,200000000,169601036,151,Released
508442,Soul,12/25/2020,8.104,10941,8.5487,en,150000000,121977511,101,Released
746045,Christmas by Starlight,11/27/2020,6.8,52,10.7912,en,0,0,85,Released
711978,Bosomy Mom 2,5/27/2020,5,6,9.2808,ko,0,0,69,Released
38700,Bad Boys for Life,1/15/2020,7.131,8500,8.0491,en,90000000,426505244,124,Released
734288,Killer Competition,11/1/2020,5,11,10.0014,en,0,0,89,Released
660982,American Pie Presents: Girls' Rules,10/6/2020,6.182,670,8.1622,en,0,0,95,Released
682583,My Nightmare Landlord,3/7/2020,6,48,9.3528,en,0,0,80,Released
697953,The Source of Shadows,4/28/2020,5.7,27,8.7836,en,0,0,83,Released
590995,The Craft: Legacy,10/28/2020,6.129,856,7.4893,en,18000000,2300000,94,Released
447362,Life in a Year,11/27/2020,8.245,1936,7.4761,en,0,0,107,Released
728144,The Special,1/31/2020,5.3,38,9.933,en,0,0,94,Released
587792,Palm Springs,7/10/2020,7.333,3404,7.1984,en,5000000,1818417,90,Released
529203,The Croods: A New Age,11/25/2020,7.461,3983,7.0192,en,65000000,215905815,95,Released
481848,The Call of the Wild,2/19/2020,7.537,3846,7.1589,en,109000000,111200000,100,Released
746047,Christmas in Evergreen: Bells Are Ringing,12/5/2020,5.7,31,6.5446,en,0,0,85,Released
750160,Bruce Springsteen's Letter to You,10/23/2020,7.1,30,8.0665,en,0,0,90,Released
682258,His Fatal Fixation,3/1/2020,6.1,9,8.8405,en,0,0,119,Released
423108,The Conjuring: The Devil Made Me Do It,5/25/2021,7.392,6244,41.7743,en,39000000,206444123,111,Released
615457,Nobody,3/18/2021,7.909,7734,29.2889,en,16000000,57512470,91,Released
634649,Spider-Man: No Way Home,12/15/2021,7.939,21132,25.6095,en,200000000,1921847111,148,Released
592695,Pleasure,10/8/2021,6.304,718,23.1124,sv,1800000,393824,108,Released
436969,The Suicide Squad,6/6/2021,7.483,9135,19.4701,en,185000000,168717425,132,Released
438631,Dune,9/15/2021,7.779,13941,16.5996,en,165000000,407573628,155,Released
814662,Kakushigoto Theatrical Edition,7/9/2021,7.1,8,20.0566,ja,0,0,79,Released
637649,Wrath of Man,4/22/2021,7.6,5746,15.728,en,40000000,103966489,119,Released
801335,Girl in the Basement,2/27/2021,7.606,781,15.9601,en,0,0,88,Released
860271,"Signed, Sealed, Delivered: The Vows We Have Made",10/17/2021,7,23,15.0796,en,0,0,84,Released
588228,The Tomorrow War,9/3/2021,7.492,3822,14.4401,en,200000000,14400000,138,Released
1055110,Female Teacher Closing the Door,10/3/2021,5.6,19,13.2374,ja,0,0,71,Released
899382,Christmas Is Canceled,12/23/2021,5.5,92,15.1672,en,0,0,95,Released
791373,Zack Snyder's Justice League,3/18/2021,8.108,10409,12.471,en,70000000,0,242,Released
686976,A Song Called Hate,6/17/2021,9,4,15.3089,en,0,0,90,Released
938090,Yoon-Yool's Men Affairs,9/7/2021,0,0,13.1205,ko,0,0,69,Released
566525,Shang-Chi and the Legend of the Ten Rings,9/1/2021,7.51,9958,11.0867,en,150000000,432243292,132,Released
568124,Encanto,10/13/2021,7.583,9872,11.382,en,150000000,261292688,102,Released
438695,Sing 2,12/1/2021,7.8,4621,12.1415,en,85000000,408402685,109,Released
760883,Blood Red Sky,7/23/2021,6.8,1637,12.6531,de,17739525,0,123,Released
527774,Raya and the Last Dragon,3/3/2021,7.821,7043,10.0972,en,100000000,130423032,107,Released
337404,Cruella,5/26/2021,7.985,9729,11.4793,en,200000000,233503234,134,Released
844819,A Christmas to Savour,11/26/2021,5.4,16,13.8096,en,0,0,85,Released
646207,The Ice Road,6/24/2021,6.795,1806,10.4136,en,0,7502846,108,Released
568620,Snake Eyes: G.I. Joe Origins,7/22/2021,6.5,1636,11.9857,en,88000000,36964325,121,Released
550988,Free Guy,8/11/2021,7.47,9278,10.2642,en,110000000,331526598,115,Released
645710,The Voyeurs,8/25/2021,6.528,1056,11.5182,en,0,0,117,Released
862868,Inferno Rosso: Joe D'Amato on the Road of Excess,9/5/2021,6.5,3,12.1417,it,0,0,73,Released
524434,Eternals,11/3/2021,6.8,8765,9.82,en,200000000,402064899,156,Released
846507,Day of Destiny,10/30/2021,3.5,2,11.0689,en,0,0,110,Released
497698,Black Widow,7/7/2021,7.191,10770,13.1722,en,200000000,379751131,134,Released
580489,Venom: Let There Be Carnage,9/30/2021,6.764,10819,8.9646,en,110000000,506863592,97,Released
825810,Venus as a Boy,6/14/2021,10,1,6.294,en,0,0,104,Released
865463,24 Year Old Yoon Yul's Sexy Breasts,3/1/2021,7.3,19,8.5093,ko,0,0,70,Released
536728,The Space Between,4/23/2021,5.4,20,9.6986,en,0,0,99,Released
938086,Dangerous Younger Cousin,11/23/2021,8.7,3,9.3894,ko,0,0,71,Released
508943,Luca,6/17/2021,7.794,8672,8.6234,en,200000000,51074773,95,Released
515985,The Fever,6/30/2021,6.3,9,10.8737,pt,60000,0,98,Released
520763,A Quiet Place Part II,5/21/2021,7.5,6974,8.6466,en,55000000,297372261,96,Released
773543,Fib the Truth,9/9/2021,5.787,82,7.6447,ru,0,0,89,Released
1028248,As Good as Dead,12/16/2022,6.479,70,161.0157,en,0,0,88,Released
993234,Borders of Love,11/3/2022,5.983,29,72.5112,cs,0,0,95,Released
791155,Secret Headquarters,8/12/2022,6.4,383,40.1165,en,0,0,104,Released
829557,365 Days: This Day,4/26/2022,5.92,1764,27.7499,pl,0,0,111,Released
724495,The Woman King,9/16/2022,7.648,2238,25.0113,en,50000000,97300000,135,Released
76600,Avatar: The Way of Water,12/14/2022,7.611,12875,28.7156,en,350000000,2320250281,192,Released
361743,Top Gun: Maverick,5/21/2022,8.168,10196,17.3804,en,170000000,1488732821,131,Released
414906,The Batman,3/1/2022,7.658,11238,19.0208,en,185000000,772319315,177,Released
629542,The Bad Guys,3/17/2022,7.534,2340,16.4165,en,80000000,250162278,100,Released
315162,Puss in Boots: The Last Wish,12/7/2022,8.213,8405,13.5434,en,90000000,484700000,103,Released
829560,The Next 365 Days,8/18/2022,6.388,1250,15.0311,pl,0,0,112,Released
505642,Black Panther: Wakanda Forever,11/9/2022,7,7023,12.6877,en,250000000,859102154,162,Released
453395,Doctor Strange in the Multiverse of Madness,5/4/2022,7.245,9785,13.1331,en,290000000,955775804,126,Released
718930,Bullet Train,8/3/2022,7.425,6919,12.1851,en,90000000,239300000,126,Released
939790,OLIVIA RODRIGO: driving home 2 u (a SOUR film),3/25/2022,7.8,56,14.3375,en,0,0,76,Released
507086,Jurassic World Dominion,6/1/2022,6.634,6661,12.3605,en,583900000,1004004592,147,Released
698508,Redeeming Love,1/21/2022,7.858,653,13.5762,en,30000000,9464198,134,Released
508947,Turning Red,3/10/2022,7.335,5544,12.8286,en,175000000,0,100,Released
794385,Hollywood Dreams & Nightmares: The Robert Englund Story,10/7/2022,6.4,9,10.9592,en,0,0,130,Released
756999,The Black Phone,6/17/2022,7.6,5265,12.824,en,16000000,161440742,103,Released
585083,Hotel Transylvania: Transformania,1/31/2022,7.053,2908,11.7428,en,75000000,18500000,92,Released
840326,Sisu,9/9/2022,7.4,2440,11.368,fi,6600000,14281199,91,Released
675353,Sonic the Hedgehog 2,3/30/2022,7.452,5636,11.0193,en,110000000,405421518,123,Released
940614,Swim Instructor Nightmare,2/20/2022,5.9,10,11.414,en,0,0,85,Released
838885,My Brothers and I,1/5/2022,7.2,83,10.9188,fr,0,0,108,Released
438148,Minions: The Rise of Gru,6/29/2022,7.3,3831,11.4547,en,85000000,940203765,87,Released
338953,Fantastic Beasts: The Secrets of Dumbledore,4/6/2022,6.636,4830,10.3934,en,200000000,407200000,142,Released
921655,Rescued by Ruby,3/17/2022,7.509,337,11.6499,en,0,0,93,Released
745376,"Hello, Goodbye, and Everything in Between",7/6/2022,6.2,257,13.0472,en,0,0,83,Released
436270,Black Adam,10/19/2022,6.8,6695,10.6143,en,200000000,393452111,125,Released
616037,Thor: Love and Thunder,7/6/2022,6.4,8126,15.2131,en,250000000,760900000,119,Released
794842,Diary of a Fleeting Affair,9/14/2022,6.384,172,11.868,fr,0,2705228,100,Released
545611,Everything Everywhere All at Once,3/24/2022,7.743,7301,10.1502,en,25000000,139200000,140,Released
760104,X,3/17/2022,6.741,3654,9.1494,en,1000000,15113105,106,Released
939099,swingers ZwingerZ,3/20/2022,7.2,4,10.0072,es,0,0,0,Released
615173,The Witch: Part 2. The Other One,6/15/2022,7.339,391,9.7704,ko,0,23068596,137,Released
985939,Fall,8/11/2022,7.128,4254,9.1507,en,3000000,17363261,107,Released
1014779,The Figo Affair: The Transfer That Changed Football,8/25/2022,7,104,11.0306,en,0,0,105,Released
894169,Vendetta,5/17/2022,5.969,311,8.0009,en,0,0,96,Released
884625,A Slice of Chicago Romance,2/10/2022,6,13,10.4954,en,0,0,85,Released
691363,The Thing Behind The Door,1/16/2023,5.5,22,87.1631,fr,0,0,81,Released
1188808,Tuhog,11/3/2023,5.643,14,92.3571,tl,0,0,92,Released
1010581,My Fault,6/8/2023,7.78,3803,45.4051,es,0,0,117,Released
1234720,Couple Exchange,3/16/2023,9.8,4,31.8811,ko,0,0,90,Released
1029575,The Family Plan,12/14/2023,7.255,1610,30.0659,en,0,0,118,Released
385687,Fast X,5/17/2023,7.025,6044,25.5018,en,340000000,704709660,142,Released
1190586,Leggings Mania,7/13/2023,7.3,10,22.8998,ko,0,0,99,Released
569094,Spider-Man: Across the Spider-Verse,5/31/2023,8.34,7908,19.7693,en,100000000,690897910,140,Released
715253,Phantom,1/18/2023,6.95,60,19.5579,ko,0,0,132,Released
872585,Oppenheimer,7/19/2023,8.05,10728,17.5321,en,100000000,952000000,181,Released
603692,John Wick: Chapter 4,3/22/2023,7.721,7377,18.576,en,100000000,440157245,170,Released
346698,Barbie,7/19/2023,6.954,10322,16.3442,en,145000000,1445638421,114,Released
502356,The Super Mario Bros. Movie,4/5/2023,7.607,9965,16.5191,en,100000000,1362000000,93,Released
575264,Mission: Impossible - Dead Reckoning Part One,7/8/2023,7.52,4623,17.058,en,291000000,571125435,164,Released
928833,Craig Before the Creek,12/11/2023,7.8,68,18.2688,en,0,0,88,Released
1072790,Anyone But You,12/21/2023,6.839,2731,16.7958,en,25000000,214891370,103,Released
1270064,"Baby, I'll Eat Well",9/7/2023,0,0,16.2665,ko,0,0,51,Released
968051,The Nun II,9/6/2023,6.7,2296,14.1648,en,38500000,269670590,110,Released
1466016,El Conjuro Siniestro,3/20/2023,0,0,13.9472,es,0,0,0,Released
447365,Guardians of the Galaxy Vol. 3,5/3/2023,7.93,7663,13.3066,en,250000000,845550000,150,Released
944401,Dogman,9/27/2023,7.884,1240,13.5984,fr,0,4082217,115,Released
1117269,Showdown at the Grand,11/3/2023,5.3,19,14.0712,en,0,0,92,Released
1103705,Jean-Claude van Damme: Karate King,3/17/2023,7.179,28,15.9031,fr,0,0,58,Released
844409,The Unlikely Pilgrimage of Harold Fry,4/27/2023,6.6,136,14.0904,en,0,0,108,Released
1231914,Female Workers: Romance at Work 3,11/25/2023,4,1,11.2299,ko,0,0,62,Released
976573,Elemental,6/14/2023,7.6,4966,14.0443,en,200000000,496444308,102,Released
572802,Aquaman and the Lost Kingdom,12/20/2023,6.58,3218,13.501,en,205000000,440181226,124,Released
1193033,Temple of Film: 100 Years of the Egyptian Theatre,11/9/2023,6.4,22,12.4287,en,0,0,11,Released
739405,Operation Fortune: Ruse de Guerre,1/4/2023,6.478,1742,13.474,en,50000000,48983306,113,Released
466420,Killers of the Flower Moon,10/18/2023,7.413,3768,13.3038,en,200000000,158722599,206,Released
298618,The Flash,6/13/2023,6.63,4693,12.4956,en,220000000,271333313,144,Released
667538,Transformers: Rise of the Beasts,6/6/2023,7.211,5026,12.3306,en,195000000,441381193,127,Released
926393,The Equalizer 3,8/30/2023,7.297,3417,11.1529,en,70000000,191067560,109,Released
299054,Expend4bles,9/15/2023,6.099,1732,10.6306,en,100000000,37917985,103,Released
1231924,Purpose of the MZ Sisters,8/15/2023,5,1,8.7294,ko,0,0,64,Released
1008042,Talk to Me,7/26/2023,7.149,3399,11.347,en,4500000,91959188,95,Released
507089,Five Nights at Freddy's,10/25/2023,7.393,4563,10.9205,en,20000000,297144130,110,Released
1135869,Salome,5/13/2023,10,2,10.8079,ho,0,0,59,Released
897160,Brave Citizen,10/25/2023,7.352,81,11.1838,ko,0,2116112,112,Released
1232221,Mother-in-law in Love With Son-in-law 4,12/26/2023,4,1,11.4101,ko,0,0,71,Released
